category,name,price,img,link
가방,[119REO] 챌린저백 / challenger bag,"98,000원",https://cdn.imweb.me/thumbnail/20210507/8cb7c92d81344.png,http://www.119reo.com/22/?idx=42
가방,REO1181 백팩,"260,000원",https://cdn.imweb.me/thumbnail/20210125/b58af7e21aa3c.jpg,http://www.119reo.com/22/?idx=1
가방,REO1181MINI 백팩 미니,"230,000원",https://cdn.imweb.me/thumbnail/20210224/5d0b948147fc3.jpg,http://www.119reo.com/22/?idx=5
가방,REO831 쓰리웨이백,"150,000원",https://cdn.imweb.me/thumbnail/20210224/b1906afb23297.jpg,http://www.119reo.com/22/?idx=2
가방,REO270 미니캔버스백,"94,000원",https://cdn.imweb.me/thumbnail/20210224/b11f398f592df.jpg,http://www.119reo.com/22/?idx=3
가방,레토백,"48,000원",https://cdn.imweb.me/thumbnail/20210224/24ae131b7de25.jpg,http://www.119reo.com/22/?idx=25
가방,레코백,"30,000원",https://cdn.imweb.me/thumbnail/20210224/d1bef9811ee5e.jpg,http://www.119reo.com/22/?idx=6
가방,히어로 메신저백,"169,000원",https://cdn.imweb.me/thumbnail/20210125/499c7e6e22bb4.jpg,http://www.119reo.com/22/?idx=8
가방,히어로 보트백,"119,000원",https://cdn.imweb.me/thumbnail/20210125/976f9cc072bbd.jpg,http://www.119reo.com/22/?idx=9
가방,REO354 샤코슈백,"54,000원",https://cdn.imweb.me/thumbnail/20210224/0392abeeab65c.jpg,http://www.119reo.com/22/?idx=10
가방,REO521 노트북파우치,"64,000원",https://cdn.imweb.me/thumbnail/20210224/3cd905200b979.jpg,http://www.119reo.com/22/?idx=11
가방,REO714 슬링백,"119,000원",https://cdn.imweb.me/thumbnail/20210224/df5bddf0a65c7.jpg,http://www.119reo.com/22/?idx=7
